Term Name 	 Binom Rank 	 Binom Raw P-Value 	  Binom FDR Q-Val  	 Binom Fold Enrichment 	 Binom Observed Region Hits 	 Binom Region Set Coverage 	 Hyper Rank 	  Hyper FDR Q-Val  	 Hyper Fold Enrichment 	 Hyper Observed Gene Hits 	 Hyper Total Genes 	 Hyper Gene Set Coverage
transforming growth factor beta receptor signaling pathway	411	7.266212E-93	1.84572392408759E-91	2.041236	1015	0.01456262	313	0.000601142871565	1.117065	124	126	0.007801686
negative regulation of MAPK cascade	478	2.49417E-78	5.44751774058577E-77	2.013064	884	0.01268311	616	0.037836356493507	1.093807	106	110	0.006669183
regulation of nuclease activity	898	6.20273E-36	7.21119167037862E-35	2.018846	392	0.005624184	536	0.020027484402985	1.119533	72	73	0.004530011
positive regulation of nuclease activity	901	8.947234E-36	1.03672722486127E-34	2.073788	365	0.005236804	421	0.005016191857482	1.135082	67	67	0.004215427
activation of signaling protein activity involved in unfolded protein response	944	7.526565E-34	8.32387061440678E-33	2.055208	352	0.005050288	440	0.006189932945455	1.135082	65	65	0.004089594
oxidoreductase activity, acting on the CH-OH group of donors, NAD or NADP as acceptor	87	9.315854E-67	3.94906546574713E-65	2.002422	761	0.01091838	67	0.002717567202388	1.115679	115	117	0.007235435
melanosome	96	1.178098E-65	1.55238955208333E-64	2.05503	701	0.01005753	72	0.001573724304167	1.123007	93	94	0.005851265
