Term Name 	 Binom Rank 	 Binom Raw P-Value 	  Binom FDR Q-Val  	 Binom Fold Enrichment 	 Binom Observed Region Hits 	 Binom Region Set Coverage 	 Hyper Rank 	  Hyper FDR Q-Val  	 Hyper Fold Enrichment 	 Hyper Observed Gene Hits 	 Hyper Total Genes 	 Hyper Gene Set Coverage
negative regulation of transferase activity	318	1.781763E-166	5.84956154716981E-165	2.030637	1855	0.0212605	431	0.006976407675174	1.081506	187	195	0.01168969
negative regulation of kinase activity	331	2.470649E-158	7.79262101510574E-157	2.031206	1763	0.02020607	490	0.014873712465306	1.07874	176	184	0.01100206
phospholipid biosynthetic process	334	1.85097E-153	5.78566670658683E-152	2.003781	1768	0.02026338	202	1.50911957227723E-05	1.106086	204	208	0.01275239
negative regulation of protein kinase activity	353	1.161591E-145	3.43541360906516E-144	2.010404	1664	0.01907141	476	0.011664717277311	1.082404	167	174	0.01043946
melanosome	97	6.544847E-88	8.53529015979381E-87	2.100626	897	0.01028068	120	0.046553486375	1.091781	91	94	0.005688567
