Term Name 	 Binom Rank 	 Binom Raw P-Value 	  Binom FDR Q-Val  	 Binom Fold Enrichment 	 Binom Observed Region Hits 	 Binom Region Set Coverage 	 Hyper Rank 	  Hyper FDR Q-Val  	 Hyper Fold Enrichment 	 Hyper Observed Gene Hits 	 Hyper Total Genes 	 Hyper Gene Set Coverage
negative regulation of MAPK cascade	425	1.139434E-89	2.79898610823529E-88	2.061076	957	0.0129856	646	0.02411502631579	1.112942	104	110	0.006785854
Notch signaling pathway	428	6.005239E-89	1.46482932616822E-87	2.000245	1023	0.01388116	635	0.02188429511811	1.10905	114	121	0.00743834
negative regulation of protein serine/threonine kinase activity	514	1.702729E-73	3.45846123735409E-72	2.015684	826	0.01120805	673	0.02853250448737	1.117091	93	98	0.00606812
regulation of DNA-dependent transcription in response to stress	891	1.779609E-38	2.08519842424242E-37	2.184194	349	0.004735607	616	0.017803572662338	1.17715	42	42	0.002740441
regulation of transcription from RNA polymerase II promoter in response to stress	981	1.345242E-34	1.43163368807339E-33	2.193854	309	0.004192844	709	0.035029498392102	1.17715	37	37	0.002414198
positive regulation of mitochondrion organization	991	5.736966E-34	6.04378658324924E-33	2.00926	374	0.005074833	446	0.00345409038565	1.17715	54	54	0.003523424
negative regulation of protein binding	1237	1.118718E-26	9.44172669361358E-26	2.012713	288	0.003907893	687	0.030699648209607	1.17715	38	38	0.002479447
actin filament bundle	134	1.353407E-38	1.27765660820896E-37	2.051485	406	0.005509044	122	0.044965721106557	1.152104	46	47	0.003001435
