Term Name 	 Binom Rank 	 Binom Raw P-Value 	  Binom FDR Q-Val  	 Binom Fold Enrichment 	 Binom Observed Region Hits 	 Binom Region Set Coverage 	 Hyper Rank 	  Hyper FDR Q-Val  	 Hyper Fold Enrichment 	 Hyper Observed Gene Hits 	 Hyper Total Genes 	 Hyper Gene Set Coverage
negative regulation of MAPK cascade	444	1.223908E-111	2.87783772972973E-110	2.078992	1172	0.01309848	525	0.017761804662857	1.106336	106	110	0.006745577
positive regulation of mitochondrion organization	1029	8.323263E-41	8.44459336443149E-40	2.008924	454	0.005073986	486	0.012256426814815	1.148085	54	54	0.003436426
negative regulation of ERBB signaling pathway	1032	9.842519E-41	9.95696689534884E-40	2.02875	442	0.004939872	647	0.048508725811437	1.148085	42	42	0.002672776
actomyosin	115	3.194343E-61	3.5137773E-60	2.123161	604	0.006750414	84	0.007480728095238	1.148085	55	55	0.003500064
stress fiber	128	1.927907E-51	1.90531433984375E-50	2.131456	500	0.005588091	104	0.024137829903846	1.148085	45	45	0.002863688
actin filament bundle	129	2.782153E-51	2.72823530620155E-50	2.114216	508	0.0056775	103	0.018476565436893	1.148085	47	47	0.002990963
