Term Name 	 Binom Rank 	 Binom Raw P-Value 	  Binom FDR Q-Val  	 Binom Fold Enrichment 	 Binom Observed Region Hits 	 Binom Region Set Coverage 	 Hyper Rank 	  Hyper FDR Q-Val  	 Hyper Fold Enrichment 	 Hyper Observed Gene Hits 	 Hyper Total Genes 	 Hyper Gene Set Coverage
positive regulation of nuclease activity	703	1.054873E-49	1.56655392887624E-48	2.119376	489	0.005351925	604	0.029022456754967	1.09986	67	67	0.004084619
regulation of nuclease activity	726	1.81395E-47	2.60849008264463E-46	2.031119	517	0.005658374	551	0.017930366526316	1.09986	73	73	0.004450405
activation of signaling protein activity involved in unfolded protein response	764	2.867617E-44	3.91857610994764E-43	2.062158	463	0.005067364	634	0.033471315141956	1.09986	65	65	0.00396269
