Term Name 	 Binom Rank 	 Binom Raw P-Value 	  Binom FDR Q-Val  	 Binom Fold Enrichment 	 Binom Observed Region Hits 	 Binom Region Set Coverage 	 Hyper Rank 	  Hyper FDR Q-Val  	 Hyper Fold Enrichment 	 Hyper Observed Gene Hits 	 Hyper Total Genes 	 Hyper Gene Set Coverage
detection of chemical stimulus involved in sensory perception of smell	69	8.222636E-249	1.2441205773913E-246	3.220096	1168	0.02336	2	1.99757394E-22	1.181393	380	382	0.02501481
detection of chemical stimulus involved in sensory perception	70	2.265444E-245	3.37874790857143E-243	3.065385	1237	0.02474	1	6.596865828E-24	1.181761	404	406	0.02659469
sensory perception of chemical stimulus	72	1.523447E-233	2.20899815E-231	2.725952	1417	0.02834	3	3.89468028E-22	1.169578	454	461	0.02988612
sensory perception of smell	77	2.001663E-224	2.71394308051948E-222	2.860121	1259	0.02518	5	8.589537144E-20	1.170189	403	409	0.02652887
detection of chemical stimulus	79	5.795073E-215	7.65829900253165E-213	2.644701	1374	0.02748	4	5.28883614E-21	1.168845	436	443	0.0287012
detection of stimulus involved in sensory perception	83	2.283992E-204	2.87287668433735E-202	2.604638	1342	0.02684	6	1.392856428E-16	1.155513	432	444	0.02843789
detection of stimulus	92	9.152887E-178	1.03865369869565E-175	2.004174	2024	0.04048	8	3.861660735E-13	1.123211	593	627	0.03903627
sensory perception of taste	811	7.438748E-17	9.5758975487053E-16	2.111659	155	0.0031	88	0.0256955805	1.187611	49	49	0.003225594
olfactory receptor activity	11	8.222636E-249	2.75682559709091E-246	3.220096	1168	0.02336	1	1.411312776E-22	1.181393	380	382	0.02501481
