Term Name 	 Binom Rank 	 Binom Raw P-Value 	  Binom FDR Q-Val  	 Binom Fold Enrichment 	 Binom Observed Region Hits 	 Binom Region Set Coverage 	 Hyper Rank 	  Hyper FDR Q-Val  	 Hyper Fold Enrichment 	 Hyper Observed Gene Hits 	 Hyper Total Genes 	 Hyper Gene Set Coverage
negative regulation of transferase activity	369	2.725674E-248	7.71166302439025E-247	2.008306	2859	0.0210267	369	0.009440948585366	1.065091	191	195	0.01151227
negative regulation of kinase activity	396	4.884922E-236	1.28784307272727E-234	2.008717	2717	0.01998235	404	0.017558736237624	1.063758	180	184	0.01084926
intrinsic apoptotic signaling pathway	524	1.300903E-158	2.59187544274809E-157	2.00693	1829	0.0134515	339	0.004649381628319	1.079342	134	135	0.008076668
negative regulation of MAPK cascade	544	2.695565E-150	5.17310636029412E-149	2.011287	1723	0.01267191	435	0.024735384	1.077511	109	110	0.006569827
viral life cycle	577	1.258467E-138	2.27701828076257E-137	2.052308	1510	0.01110539	368	0.009454498043478	1.072898	148	150	0.008920499
cytosolic ribosome	152	3.773381E-72	3.1403466875E-71	2.010051	819	0.006023388	97	0.038666629020619	1.07607	95	96	0.005725996
