Term Name 	 Binom Rank 	 Binom Raw P-Value 	  Binom FDR Q-Val  	 Binom Fold Enrichment 	 Binom Observed Region Hits 	 Binom Region Set Coverage 	 Hyper Rank 	  Hyper FDR Q-Val  	 Hyper Fold Enrichment 	 Hyper Observed Gene Hits 	 Hyper Total Genes 	 Hyper Gene Set Coverage
retinoic acid receptor binding	90	4.670525E-43	1.91387735555556E-41	2.07228	445	0.002819722	1	0.00014181093912	2.490214	29	43	0.005935325
negative regulation of retinoic acid receptor signaling pathway	284	4.448675E-44	1.63535799295775E-42	2.291258	363	0.002300132	1	2.704700196E-05	2.884677	25	32	0.00511666
keratin filament	59	2.423844E-35	5.19688586440678E-34	2.105586	348	0.002205086	1	0.0180078822	1.751029	46	97	0.009414654
