Term Name 	 Binom Rank 	 Binom Raw P-Value 	  Binom FDR Q-Val  	 Binom Fold Enrichment 	 Binom Observed Region Hits 	 Binom Region Set Coverage 	 Hyper Rank 	  Hyper FDR Q-Val  	 Hyper Fold Enrichment 	 Hyper Observed Gene Hits 	 Hyper Total Genes 	 Hyper Gene Set Coverage
negative regulation of transferase activity	301	8.839934E-117	3.06607677607973E-115	2.012945	1323	0.02107527	267	4.4933955505618E-05	1.110239	190	195	0.01200025
negative regulation of kinase activity	315	9.512154E-110	3.15259961142857E-108	2.006488	1253	0.01996018	296	0.000130349360676	1.108492	179	184	0.0113055
transforming growth factor beta receptor signaling pathway	386	1.221037E-86	3.30249385492228E-85	2.060956	923	0.01470331	483	0.007258970906832	1.103282	122	126	0.007705425
negative regulation of MAPK cascade	428	1.733938E-80	4.22951231775701E-79	2.090984	827	0.01317403	606	0.028308301188119	1.098021	106	110	0.006694878
regulation of RNA stability	789	1.942297E-39	2.57003557414449E-38	2.292918	322	0.005129431	678	0.048933265486726	1.139456	44	44	0.002779006
cell-substrate junction	63	8.616053E-91	1.73004873730159E-89	2.006193	1035	0.01648746	118	0.028744637881356	1.083285	135	142	0.008526495
focal adhesion	64	4.032069E-90	7.9696363828125E-89	2.060642	961	0.01530864	103	0.009471823825243	1.095965	126	131	0.007958062
cell-substrate adherens junction	68	2.391393E-86	4.44869433088235E-85	2.019791	967	0.01540422	114	0.019071461798246	1.088813	129	135	0.00814754
