Term Name 	 Binom Rank 	 Binom Raw P-Value 	  Binom FDR Q-Val  	 Binom Fold Enrichment 	 Binom Observed Region Hits 	 Binom Region Set Coverage 	 Hyper Rank 	  Hyper FDR Q-Val  	 Hyper Fold Enrichment 	 Hyper Observed Gene Hits 	 Hyper Total Genes 	 Hyper Gene Set Coverage
toll-like receptor 3 signaling pathway	670	4.531871E-90	7.0616019761194E-89	2.038165	991	0.008991843	297	0.001402404145455	1.132873	81	81	0.005086342
MyD88-independent toll-like receptor signaling pathway	680	1.045719E-87	1.60548622941176E-86	2.026906	978	0.008873887	432	0.012768265	1.118712	79	80	0.004960754
TRIF-dependent toll-like receptor signaling pathway	682	1.648686E-87	2.52379499120235E-86	2.0505	948	0.008601682	318	0.002162401086792	1.132873	77	77	0.004835165
toll-like receptor 10 signaling pathway	729	4.823339E-80	6.90749782716049E-79	2.073695	842	0.007639891	389	0.007948865706941	1.132873	65	65	0.004081633
toll-like receptor 5 signaling pathway	729	4.823339E-80	6.90749782716049E-79	2.073695	842	0.007639891	389	0.007948865706941	1.132873	65	65	0.004081633
toll-like receptor 9 signaling pathway	746	1.174645E-78	1.64387316353887E-77	2.012568	891	0.008084492	482	0.025302011452282	1.117354	72	73	0.004521193
positive regulation of mitochondrion organization	774	8.465099E-76	1.14180405116279E-74	2.288383	637	0.005779822	483	0.025373695900621	1.132873	54	54	0.003390895
actomyosin	132	2.336675E-71	2.23931354166667E-70	2.091855	733	0.006650879	80	0.0163785875	1.132873	55	55	0.003453689
actin filament bundle	140	1.625778E-60	1.46900655E-59	2.0915	619	0.005616499	97	0.036756987628866	1.132873	47	47	0.002951334
stress fiber	142	2.57958E-60	2.29800612676056E-59	2.104222	608	0.005516691	102	0.044891662696079	1.132873	45	45	0.002825746
